tick,t,x,xdot,theta,thetadot,u,fault,u_x,u_xd,u_th,u_thd,u_i,integ,sat,mode,det,fdir,sec,reload
0,0.000,0.50000,0.00000,0.20000,0.00000,10.9562,0,1.4814,0.0000,9.4747,0.0000,0.0000,0.00000,0,1,0,0,0,0
1,0.010,0.50053,0.10519,0.19937,-0.12544,9.9727,0,1.4830,0.5845,9.4450,-1.5399,0.0000,0.00000,0,1,0,0,0,0
2,0.020,0.50206,0.20083,0.19756,-0.23705,9.0527,0,1.4875,1.1159,9.3592,-2.9099,0.0000,0.00000,0,1,0,0,0,0
3,0.030,0.50450,0.28754,0.19470,-0.33594,8.1922,0,1.4948,1.5978,9.2235,-4.1238,0.0000,0.00000,0,1,0,0,0,0
4,0.040,0.50777,0.36592,0.19090,-0.42312,7.3875,0,1.5044,2.0333,9.0437,-5.1939,0.0000,0.00000,0,1,0,0,0,0
5,0.050,0.51178,0.43651,0.18629,-0.49953,6.6352,0,1.5163,2.4255,8.8252,-6.1319,0.0000,0.00000,0,1,0,0,0,0
6,0.060,0.51646,0.49982,0.18096,-0.56603,5.9322,0,1.5302,2.7773,8.5728,-6.9481,0.0000,0.00000,0,1,0,0,0,0
7,0.070,0.52174,0.55635,0.17502,-0.62341,5.2758,0,1.5458,3.0914,8.2911,-7.6526,0.0000,0.00000,0,1,0,0,0,0
8,0.080,0.52755,0.60654,0.16854,-0.67243,4.6633,0,1.5631,3.3703,7.9842,-8.2543,0.0000,0.00000,0,1,0,0,0,0
9,0.090,0.53384,0.65082,0.16161,-0.71377,4.0923,0,1.5817,3.6164,7.6559,-8.7617,0.0000,0.00000,0,1,0,0,0,0
10,0.100,0.54054,0.68960,0.15430,-0.74806,3.5604,0,1.6015,3.8318,7.3097,-9.1827,0.0000,0.00000,0,1,0,0,0,0
11,0.110,0.54761,0.72326,0.14668,-0.77591,3.0656,0,1.6225,4.0189,6.9488,-9.5246,0.0000,0.00000,0,1,0,0,0,0
12,0.120,0.55498,0.75215,0.13881,-0.79788,2.6056,0,1.6443,4.1794,6.5761,-9.7943,0.0000,0.00000,0,1,0,0,0,0
13,0.130,0.56263,0.77663,0.13075,-0.81449,2.1785,0,1.6670,4.3154,6.1942,-9.9981,0.0000,0.00000,0,1,0,0,0,0
14,0.140,0.57050,0.79700,0.12255,-0.82621,1.7825,0,1.6903,4.4286,5.8056,-10.1420,0.0000,0.00000,0,1,0,0,0,0
15,0.150,0.57855,0.81357,0.11425,-0.83351,1.4158,0,1.7142,4.5207,5.4125,-10.2316,0.0000,0.00000,0,1,0,0,0,0
16,0.160,0.58675,0.82663,0.10590,-0.83681,1.0766,0,1.7385,4.5933,5.0169,-10.2721,0.0000,0.00000,0,1,0,0,0,0
17,0.170,0.59506,0.83643,0.09754,-0.83650,0.7632,0,1.7631,4.6478,4.6206,-10.2683,0.0000,0.00000,0,1,0,0,0,0
18,0.180,0.60346,0.84324,0.08919,-0.83295,0.4741,0,1.7880,4.6856,4.2253,-10.2247,0.0000,0.00000,0,1,0,0,0,0
19,0.190,0.61192,0.84728,0.08089,-0.82649,0.2078,0,1.8130,4.7080,3.8322,-10.1455,0.0000,0.00000,0,1,0,0,0,0
20,0.200,0.62040,0.84879,0.07267,-0.81745,-0.0371,0,1.8381,4.7164,3.4429,-10.0345,0.0000,0.00000,0,1,0,0,0,0
21,0.210,0.62888,0.84796,0.06456,-0.80612,-0.2620,0,1.8633,4.7118,3.0584,-9.8954,0.0000,0.00000,0,1,0,0,0,0
22,0.220,0.63734,0.84499,0.05656,-0.79277,-0.4682,0,1.8884,4.6953,2.6797,-9.7315,0.0000,0.00000,0,1,0,0,0,0
23,0.230,0.64577,0.84006,0.04871,-0.77765,-0.6569,0,1.9133,4.6679,2.3077,-9.5459,0.0000,0.00000,0,1,0,0,0,0
24,0.240,0.65414,0.83334,0.04102,-0.76099,-0.8293,0,1.9381,4.6306,1.9433,-9.3414,0.0000,0.00000,0,1,0,0,0,0
25,0.250,0.66243,0.82499,0.03350,-0.74300,-0.9865,0,1.9627,4.5842,1.5871,-9.1205,0.0000,0.00000,0,1,0,0,0,0
26,0.260,0.67063,0.81516,0.02617,-0.72387,-1.1295,0,1.9870,4.5296,1.2397,-8.8857,0.0000,0.00000,0,1,0,0,0,0
27,0.270,0.67872,0.80399,0.01903,-0.70379,-1.2592,0,2.0110,4.4675,0.9016,-8.6392,0.0000,0.00000,0,1,0,0,0,0
28,0.280,0.68670,0.79160,0.01210,-0.68291,-1.3766,0,2.0346,4.3986,0.5732,-8.3830,0.0000,0.00000,0,1,0,0,0,0
29,0.290,0.69455,0.77811,0.00538,-0.66140,-1.4825,0,2.0579,4.3236,0.2548,-8.1188,0.0000,0.00000,0,1,0,0,0,0
30,0.300,0.70226,0.76363,-0.00112,-0.63937,-1.5778,0,2.0807,4.2432,-0.0533,-7.8484,0.0000,0.00000,0,1,0,0,0,0
31,0.310,0.70982,0.74826,-0.00741,-0.61695,-1.6632,0,2.1031,4.1578,-0.3508,-7.5733,0.0000,0.00000,0,1,0,0,0,0
32,0.320,0.71722,0.73211,-0.01346,-0.59426,-1.7394,0,2.1250,4.0681,-0.6377,-7.2948,0.0000,0.00000,0,1,0,0,0,0
33,0.330,0.72446,0.71526,-0.01929,-0.57140,-1.8070,0,2.1465,3.9744,-0.9137,-7.0141,0.0000,0.00000,0,1,0,0,0,0
34,0.340,0.73152,0.69778,-0.02489,-0.54845,-1.8666,0,2.1674,3.8773,-1.1790,-6.7324,0.0000,0.00000,0,1,0,0,0,0
35,0.350,0.73841,0.67977,-0.03026,-0.52549,-1.9189,0,2.1878,3.7772,-1.4333,-6.4506,0.0000,0.00000,0,1,0,0,0,0
36,0.360,0.74512,0.66128,-0.03540,-0.50261,-1.9643,0,2.2077,3.6745,-1.6768,-6.1697,0.0000,0.00000,0,1,0,0,0,0
37,0.370,0.75163,0.64239,-0.04031,-0.47986,-2.0034,0,2.2270,3.5695,-1.9095,-5.8904,0.0000,0.00000,0,1,0,0,0,0
38,0.380,0.75796,0.62314,-0.04499,-0.45730,-2.0366,0,2.2457,3.4626,-2.1314,-5.6135,0.0000,0.00000,0,1,0,0,0,0
39,0.390,0.76410,0.60361,-0.04945,-0.43498,-2.0644,0,2.2639,3.3540,-2.3428,-5.3395,0.0000,0.00000,0,1,0,0,0,0
40,0.400,0.77003,0.58384,-0.05369,-0.41295,-2.0870,0,2.2815,3.2442,-2.5436,-5.0691,0.0000,0.00000,0,1,0,0,0,0
41,0.410,0.77577,0.56388,-0.05771,-0.39125,-2.1050,0,2.2985,3.1333,-2.7341,-4.8027,0.0000,0.00000,0,1,0,0,0,0
42,0.420,0.78131,0.54377,-0.06152,-0.36991,-2.1187,0,2.3149,3.0215,-2.9143,-4.5408,0.0000,0.00000,0,1,0,0,0,0
43,0.430,0.78665,0.52355,-0.06511,-0.34896,-2.1283,0,2.3307,2.9092,-3.0846,-4.2836,0.0000,0.00000,0,1,0,0,0,0
44,0.440,0.79178,0.50327,-0.06850,-0.32843,-2.1342,0,2.3459,2.7965,-3.2450,-4.0316,0.0000,0.00000,0,1,0,0,0,0
45,0.450,0.79671,0.48296,-0.07168,-0.30834,-2.1367,0,2.3605,2.6836,-3.3958,-3.7850,0.0000,0.00000,0,1,0,0,0,0
46,0.460,0.80144,0.46264,-0.07467,-0.28871,-2.1359,0,2.3745,2.5707,-3.5372,-3.5440,0.0000,0.00000,0,1,0,0,0,0
47,0.470,0.80596,0.44235,-0.07746,-0.26955,-2.1323,0,2.3880,2.4580,-3.6694,-3.3088,0.0000,0.00000,0,1,0,0,0,0
48,0.480,0.81029,0.42212,-0.08006,-0.25087,-2.1259,0,2.4008,2.3455,-3.7927,-3.0795,0.0000,0.00000,0,1,0,0,0,0
49,0.490,0.81441,0.40196,-0.08248,-0.23269,-2.1170,0,2.4130,2.2336,-3.9072,-2.8563,0.0000,0.00000,0,1,0,0,0,0
50,0.500,0.81833,0.38192,-0.08471,-0.21501,-2.1058,0,2.4246,2.1222,-4.0133,-2.6393,0.0000,0.00000,0,1,0,0,0,0
51,0.510,0.82205,0.36199,-0.08678,-0.19784,-2.0925,0,2.4356,2.0115,-4.1110,-2.4285,0.0000,0.00000,0,1,0,0,0,0
52,0.520,0.82557,0.34221,-0.08867,-0.18118,-2.0773,0,2.4460,1.9016,-4.2008,-2.2240,0.0000,0.00000,0,1,0,0,0,0
53,0.530,0.82889,0.32260,-0.09040,-0.16503,-2.0602,0,2.4559,1.7926,-4.2828,-2.0258,0.0000,0.00000,0,1,0,0,0,0
54,0.540,0.83202,0.30316,-0.09198,-0.14940,-2.0415,0,2.4651,1.6846,-4.3573,-1.8339,0.0000,0.00000,0,1,0,0,0,0
55,0.550,0.83496,0.28392,-0.09339,-0.13428,-2.0213,0,2.4738,1.5776,-4.4244,-1.6483,0.0000,0.00000,0,1,0,0,0,0
56,0.560,0.83770,0.26488,-0.09466,-0.11967,-1.9997,0,2.4820,1.4718,-4.4846,-1.4689,0.0000,0.00000,0,1,0,0,0,0
57,0.570,0.84025,0.24606,-0.09579,-0.10556,-1.9769,0,2.4895,1.3673,-4.5379,-1.2958,0.0000,0.00000,0,1,0,0,0,0
58,0.580,0.84262,0.22747,-0.09678,-0.09196,-1.9530,0,2.4966,1.2640,-4.5847,-1.1288,0.0000,0.00000,0,1,0,0,0,0
59,0.590,0.84480,0.20913,-0.09763,-0.07885,-1.9280,0,2.5030,1.1620,-4.6252,-0.9679,0.0000,0.00000,0,1,0,0,0,0
60,0.600,0.84681,0.19103,-0.09836,-0.06623,-1.9021,0,2.5090,1.0615,-4.6595,-0.8130,0.0000,0.00000,0,1,0,0,0,0
61,0.610,0.84863,0.17319,-0.09896,-0.05409,-1.8753,0,2.5144,0.9623,-4.6880,-0.6640,0.0000,0.00000,0,1,0,0,0,0
62,0.620,0.85027,0.15561,-0.09944,-0.04243,-1.8479,0,2.5192,0.8647,-4.7109,-0.5209,0.0000,0.00000,0,1,0,0,0,0
63,0.630,0.85174,0.13831,-0.09981,-0.03124,-1.8197,0,2.5236,0.7685,-4.7283,-0.3835,0.0000,0.00000,0,1,0,0,0,0
64,0.640,0.85304,0.12128,-0.10007,-0.02051,-1.7910,0,2.5274,0.6739,-4.7406,-0.2518,0.0000,0.00000,0,1,0,0,0,0
65,0.650,0.85417,0.10453,-0.10022,-0.01023,-1.7618,0,2.5308,0.5808,-4.7479,-0.1255,0.0000,0.00000,0,1,0,0,0,0
66,0.660,0.85513,0.08807,-0.10027,-0.00039,-1.7321,0,2.5336,0.4894,-4.7504,-0.0047,0.0000,0.00000,0,1,0,0,0,0
67,0.670,0.85593,0.07190,-0.10023,0.00902,-1.7021,0,2.5360,0.3995,-4.7483,0.1107,0.0000,0.00000,0,1,0,0,0,0
68,0.680,0.85657,0.05602,-0.10010,0.01801,-1.6718,0,2.5379,0.3113,-4.7419,0.2210,0.0000,0.00000,0,1,0,0,0,0
69,0.690,0.85705,0.04043,-0.09987,0.02658,-1.6411,0,2.5393,0.2247,-4.7314,0.3263,0.0000,0.00000,0,1,0,0,0,0
70,0.700,0.85738,0.02514,-0.09957,0.03475,-1.6103,0,2.5403,0.1397,-4.7169,0.4265,0.0000,0.00000,0,1,0,0,0,0
71,0.710,0.85756,0.01015,-0.09918,0.04252,-1.5794,0,2.5408,0.0564,-4.6986,0.5220,0.0000,0.00000,0,1,0,0,0,0
72,0.720,0.85758,-0.00454,-0.09872,0.04992,-1.5483,0,2.5409,-0.0252,-4.6767,0.6127,0.0000,0.00000,0,1,0,0,0,0
73,0.730,0.85747,-0.01893,-0.09818,0.05694,-1.5171,0,2.5405,-0.1052,-4.6514,0.6989,0.0000,0.00000,0,1,0,0,0,0
74,0.740,0.85721,-0.03303,-0.09758,0.06359,-1.4859,0,2.5398,-0.1835,-4.6228,0.7806,0.0000,0.00000,0,1,0,0,0,0
75,0.750,0.85681,-0.04682,-0.09691,0.06990,-1.4547,0,2.5386,-0.2602,-4.5912,0.8580,0.0000,0.00000,0,1,0,0,0,0
76,0.760,0.85627,-0.06032,-0.09619,0.07586,-1.4236,0,2.5370,-0.3352,-4.5567,0.9312,0.0000,0.00000,0,1,0,0,0,0
77,0.770,0.85560,-0.07351,-0.09540,0.08149,-1.3925,0,2.5350,-0.4085,-4.5194,1.0003,0.0000,0.00000,0,1,0,0,0,0
78,0.780,0.85480,-0.08641,-0.09456,0.08680,-1.3616,0,2.5327,-0.4802,-4.4795,1.0655,0.0000,0.00000,0,1,0,0,0,0
79,0.790,0.85388,-0.09902,-0.09366,0.09179,-1.3308,0,2.5299,-0.5502,-4.4372,1.1268,0.0000,0.00000,0,1,0,0,0,0
80,0.800,0.85282,-0.11133,-0.09272,0.09648,-1.3001,0,2.5268,-0.6186,-4.3927,1.1844,0.0000,0.00000,0,1,0,0,0,0
81,0.810,0.85165,-0.12335,-0.09174,0.10088,-1.2696,0,2.5233,-0.6854,-4.3459,1.2384,0.0000,0.00000,0,1,0,0,0,0
82,0.820,0.85036,-0.13508,-0.09071,0.10500,-1.2394,0,2.5195,-0.7506,-4.2972,1.2889,0.0000,0.00000,0,1,0,0,0,0
83,0.830,0.84895,-0.14652,-0.08964,0.10884,-1.2093,0,2.5153,-0.8141,-4.2465,1.3360,0.0000,0.00000,0,1,0,0,0,0
84,0.840,0.84743,-0.15767,-0.08853,0.11241,-1.1795,0,2.5108,-0.8761,-4.1941,1.3799,0.0000,0.00000,0,1,0,0,0,0
85,0.850,0.84580,-0.16855,-0.08739,0.11573,-1.1500,0,2.5060,-0.9366,-4.1401,1.4207,0.0000,0.00000,0,1,0,0,0,0
86,0.860,0.84406,-0.17914,-0.08622,0.11881,-1.1207,0,2.5008,-0.9954,-4.0845,1.4584,0.0000,0.00000,0,1,0,0,0,0
87,0.870,0.84222,-0.18946,-0.08502,0.12164,-1.0918,0,2.4954,-1.0528,-4.0276,1.4932,0.0000,0.00000,0,1,0,0,0,0
88,0.880,0.84027,-0.19950,-0.08379,0.12425,-1.0631,0,2.4896,-1.1086,-3.9693,1.5252,0.0000,0.00000,0,1,0,0,0,0
89,0.890,0.83823,-0.20928,-0.08253,0.12664,-1.0348,0,2.4835,-1.1629,-3.9099,1.5545,0.0000,0.00000,0,1,0,0,0,0
90,0.900,0.83609,-0.21878,-0.08126,0.12881,-1.0067,0,2.4772,-1.2157,-3.8494,1.5812,0.0000,0.00000,0,1,0,0,0,0
91,0.910,0.83385,-0.22802,-0.07996,0.13078,-0.9791,0,2.4706,-1.2670,-3.7879,1.6053,0.0000,0.00000,0,1,0,0,0,0
92,0.920,0.83153,-0.23701,-0.07864,0.13255,-0.9517,0,2.4637,-1.3170,-3.7256,1.6271,0.0000,0.00000,0,1,0,0,0,0
93,0.930,0.82912,-0.24573,-0.07731,0.13414,-0.9247,0,2.4565,-1.3654,-3.6624,1.6466,0.0000,0.00000,0,1,0,0,0,0
94,0.940,0.82662,-0.25420,-0.07596,0.13554,-0.8981,0,2.4491,-1.4125,-3.5985,1.6638,0.0000,0.00000,0,1,0,0,0,0
95,0.950,0.82403,-0.26242,-0.07460,0.13677,-0.8719,0,2.4415,-1.4582,-3.5341,1.6789,0.0000,0.00000,0,1,0,0,0,0
96,0.960,0.82137,-0.27040,-0.07323,0.13783,-0.8460,0,2.4336,-1.5025,-3.4690,1.6919,0.0000,0.00000,0,1,0,0,0,0
97,0.970,0.81863,-0.27813,-0.07184,0.13874,-0.8205,0,2.4255,-1.5455,-3.4035,1.7030,0.0000,0.00000,0,1,0,0,0,0
98,0.980,0.81581,-0.28562,-0.07045,0.13949,-0.7954,0,2.4171,-1.5871,-3.3376,1.7123,0.0000,0.00000,0,1,0,0,0,0
99,0.990,0.81291,-0.29288,-0.06906,0.14009,-0.7706,0,2.4085,-1.6274,-3.2714,1.7197,0.0000,0.00000,0,1,0,0,0,0
